{"code-base-name": "notes_frontend", "description": "", "sources": [{"code-base-name": "notes_frontend", "file_id": 7, "knowledge_revision": 4, "git_revision": ""}, {"code-base-name": "notes_frontend", "file_id": 13, "knowledge_revision": 52, "git_revision": "7a6ab34ad9e8826dbd7b39bf26435e2370b8c107"}, {"code-base-name": "notes_frontend", "file_id": 11, "knowledge_revision": 9, "git_revision": "25d890fbe0df333831dc0000e15b5312d5a78559"}, {"code-base-name": "notes_frontend", "file_id": 5, "knowledge_revision": 53, "git_revision": "7a6ab34ad9e8826dbd7b39bf26435e2370b8c107"}, {"code-base-name": "notes_frontend", "file_id": 20, "knowledge_revision": 54, "git_revision": "7a6ab34ad9e8826dbd7b39bf26435e2370b8c107"}, {"code-base-name": "notes_frontend", "file_id": 14, "knowledge_revision": 43, "git_revision": "d9e5a8f5629e2bde77d1c86563818712b2059e03"}], "filename": "notes_frontend/README.md", "knowledge_revision": 55}