{"is_source_file": true, "format": "JavaScript", "description": "This file implements a client interface for interacting with a Notes API, including functions for listing, upserting, and deleting notes. It uses environment variables for configuration and includes error handling and request timeout management.", "external_files": ["fetch", "window"], "external_methods": ["fetch", "window.setTimeout", "window.clearTimeout", "URL"], "published": ["NotesApi"], "classes": [{"name": "NotesApi", "description": "A client class for interacting with the notes backend API, providing methods to list, upsert, and delete notes."}], "methods": [{"name": "constructor(options = {})", "description": "Initializes the NotesApi instance, resolving the base URL and setting the request timeout.", "scope": "NotesApi", "scopeKind": "class"}, {"name": "hasApi()", "description": "Checks if the API base URL is configured and available.", "scope": "NotesApi", "scopeKind": "class"}, {"name": "listNotes()", "description": "Fetches the list of notes from the backend API.", "scope": "NotesApi", "scopeKind": "class"}, {"name": "upsertNote(note)", "description": "Creates or updates a note via a PUT request to the API.", "scope": "NotesApi", "scopeKind": "class"}, {"name": "deleteNote(id)", "description": "Deletes a note identified by id via the API.", "scope": "NotesApi", "scopeKind": "class"}, {"name": "fetchWithTimeout(url, options = {})", "scope": "", "scopeKind": "", "description": "unavailable"}, {"name": "isValidHttpUrl(maybeUrl)", "scope": "", "scopeKind": "", "description": "unavailable"}, {"name": "resolveApiBase()", "scope": "", "scopeKind": "", "description": "unavailable"}, {"name": "safeJson(res)", "scope": "", "scopeKind": "", "description": "unavailable"}, {"name": "toApiError(error, { kind = \"network\", status = null, url = \"\", method = \"\" } = {})", "scope": "", "scopeKind": "", "description": "unavailable"}], "calls": ["fetchWithTimeout", "JSON.parse", "new URL", "this.resolveApiBase", "this.hasApi", "safeJson", "toApiError"], "search-terms": ["NotesApi", "fetchWithTimeout", "listNotes", "upsertNote", "deleteNote", "API base", "environment variables", "HTTP errors", "timeout handling"], "state": 2, "file_id": 13, "knowledge_revision": 52, "git_revision": "7a6ab34ad9e8826dbd7b39bf26435e2370b8c107", "revision_history": [{"42": "d9e5a8f5629e2bde77d1c86563818712b2059e03"}, {"52": "7a6ab34ad9e8826dbd7b39bf26435e2370b8c107"}], "ctags": [{"_type": "tag", "name": "DEFAULT_TIMEOUT_MS", "path": "/home/kavia/workspace/code-generation/note-organizer-304742-304769/notes_frontend/src/api/notesApi.js", "pattern": "/^const DEFAULT_TIMEOUT_MS = 8000;$/", "language": "JavaScript", "kind": "constant"}, {"_type": "tag", "name": "NotesApi", "path": "/home/kavia/workspace/code-generation/note-organizer-304742-304769/notes_frontend/src/api/notesApi.js", "pattern": "/^export class NotesApi {$/", "language": "JavaScript", "kind": "class"}, {"_type": "tag", "name": "constructor", "path": "/home/kavia/workspace/code-generation/note-organizer-304742-304769/notes_frontend/src/api/notesApi.js", "pattern": "/^  constructor(options = {}) {$/", "language": "JavaScript", "kind": "method", "signature": "(options = {})", "scope": "NotesApi", "scopeKind": "class"}, {"_type": "tag", "name": "deleteNote", "path": "/home/kavia/workspace/code-generation/note-organizer-304742-304769/notes_frontend/src/api/notesApi.js", "pattern": "/^  async deleteNote(id) {$/", "language": "JavaScript", "kind": "method", "signature": "(id)", "scope": "NotesApi", "scopeKind": "class"}, {"_type": "tag", "name": "fetchWithTimeout", "path": "/home/kavia/workspace/code-generation/note-organizer-304742-304769/notes_frontend/src/api/notesApi.js", "pattern": "/^async function fetchWithTimeout(url, options = {}) {$/", "language": "JavaScript", "kind": "function", "signature": "(url, options = {})"}, {"_type": "tag", "name": "hasApi", "path": "/home/kavia/workspace/code-generation/note-organizer-304742-304769/notes_frontend/src/api/notesApi.js", "pattern": "/^  hasApi() {$/", "language": "JavaScript", "kind": "method", "signature": "()", "scope": "NotesApi", "scopeKind": "class"}, {"_type": "tag", "name": "isValidHttpUrl", "path": "/home/kavia/workspace/code-generation/note-organizer-304742-304769/notes_frontend/src/api/notesApi.js", "pattern": "/^function isValidHttpUrl(maybeUrl) {$/", "language": "JavaScript", "kind": "function", "signature": "(maybeUrl)"}, {"_type": "tag", "name": "listNotes", "path": "/home/kavia/workspace/code-generation/note-organizer-304742-304769/notes_frontend/src/api/notesApi.js", "pattern": "/^  async listNotes() {$/", "language": "JavaScript", "kind": "method", "signature": "()", "scope": "NotesApi", "scopeKind": "class"}, {"_type": "tag", "name": "resolveApiBase", "path": "/home/kavia/workspace/code-generation/note-organizer-304742-304769/notes_frontend/src/api/notesApi.js", "pattern": "/^function resolveApiBase() {$/", "language": "JavaScript", "kind": "function", "signature": "()"}, {"_type": "tag", "name": "safeJson", "path": "/home/kavia/workspace/code-generation/note-organizer-304742-304769/notes_frontend/src/api/notesApi.js", "pattern": "/^async function safeJson(res) {$/", "language": "JavaScript", "kind": "function", "signature": "(res)"}, {"_type": "tag", "name": "toApiError", "path": "/home/kavia/workspace/code-generation/note-organizer-304742-304769/notes_frontend/src/api/notesApi.js", "pattern": "/^function toApiError(error, { kind = \"network\", status = null, url = \"\", method = \"\" } = {}) {$/", "language": "JavaScript", "kind": "function", "signature": "(error, { kind = \"network\", status = null, url = \"\", method = \"\" } = {})"}, {"_type": "tag", "name": "upsertNote", "path": "/home/kavia/workspace/code-generation/note-organizer-304742-304769/notes_frontend/src/api/notesApi.js", "pattern": "/^  async upsertNote(note) {$/", "language": "JavaScript", "kind": "method", "signature": "(note)", "scope": "NotesApi", "scopeKind": "class"}], "hash": "78d6955808a457f8314cacebc17b7663", "format-version": 4, "code-base-name": "notes_frontend", "filename": "notes_frontend/src/api/notesApi.js"}