{"is_source_file": true, "format": "JavaScript", "description": "This file contains utility functions for managing notes within a note-taking application. It includes functions for generating unique IDs, parsing search queries, creating and updating notes, sorting notes, generating previews, and filtering notes based on search criteria and tags.", "external_files": [], "external_methods": [], "published": ["parseSearchQuery", "createEmptyNote", "updateNoteTimestamps", "sortNotesByUpdatedAtDesc", "getNotePreview", "toHighlightedSegments", "filterNotes", "formatDateTime"], "classes": [], "methods": [{"name": "uuidLike()", "description": "Generates a simple unique ID based on the current timestamp and random number, suitable for local usage.", "scope": "", "scopeKind": ""}, {"name": "escapeRegex(s)", "description": "Escapes special regex characters in a string for safe use in regex patterns.", "scope": "", "scopeKind": ""}, {"name": "parseSearchQuery(query)", "description": "Parses a search query string into free-text and optional tag filter components.", "scope": "", "scopeKind": ""}, {"name": "createEmptyNote()", "description": "Creates a new note object with default properties and a unique ID.", "scope": "", "scopeKind": ""}, {"name": "updateNoteTimestamps(note)", "description": "Updates the 'updatedAt' timestamp of a note while preserving 'createdAt'.", "scope": "", "scopeKind": ""}, {"name": "sortNotesByUpdatedAtDesc(notes)", "description": "Sorts an array of notes in descending order of their 'updatedAt' timestamps, falling back to 'createdAt'.", "scope": "", "scopeKind": ""}, {"name": "getNotePreview(note)", "description": "Produces a one-line preview of a note's body content.", "scope": "", "scopeKind": ""}, {"name": "toHighlightedSegments(text, needle)", "description": "Segments a text string into parts with optional highlights based on a query, for UI rendering.", "scope": "", "scopeKind": ""}, {"name": "filterNotes(notes, query, activeTag)", "description": "Filters an array of notes based on active tags and search queries, including 'tag:' syntax.", "scope": "", "scopeKind": ""}, {"name": "formatDateTime(iso)", "description": "Formats an ISO datetime string into a human-readable locale-specific string.", "scope": "", "scopeKind": ""}], "calls": ["Date.now", "String.replace", "String.match", "String.matchAll", "Date.parse", "Array.sort", "Array.filter", "Intl.DateTimeFormat"], "search-terms": ["notes utility functions", "parse search query", "create note", "update timestamps", "sort notes", "note preview", "highlight segments", "filter notes", "format date"], "state": 2, "file_id": 17, "knowledge_revision": 62, "git_revision": "788004100ff3fc58d93dacdb6c02887d44f1b622", "revision_history": [{"46": "d9e5a8f5629e2bde77d1c86563818712b2059e03"}, {"62": "788004100ff3fc58d93dacdb6c02887d44f1b622"}], "ctags": [{"_type": "tag", "name": "createEmptyNote", "path": "/home/kavia/workspace/code-generation/note-organizer-304742-304769/notes_frontend/src/utils/notes.js", "pattern": "/^export function createEmptyNote() {$/", "language": "JavaScript", "kind": "function", "signature": "()"}, {"_type": "tag", "name": "escapeRegex", "path": "/home/kavia/workspace/code-generation/note-organizer-304742-304769/notes_frontend/src/utils/notes.js", "pattern": "/^function escapeRegex(s) {$/", "language": "JavaScript", "kind": "function", "signature": "(s)"}, {"_type": "tag", "name": "filterNotes", "path": "/home/kavia/workspace/code-generation/note-organizer-304742-304769/notes_frontend/src/utils/notes.js", "pattern": "/^export function filterNotes(notes, query, activeTag) {$/", "language": "JavaScript", "kind": "function", "signature": "(notes, query, activeTag)"}, {"_type": "tag", "name": "formatDateTime", "path": "/home/kavia/workspace/code-generation/note-organizer-304742-304769/notes_frontend/src/utils/notes.js", "pattern": "/^export function formatDateTime(iso) {$/", "language": "JavaScript", "kind": "function", "signature": "(iso)"}, {"_type": "tag", "name": "getNotePreview", "path": "/home/kavia/workspace/code-generation/note-organizer-304742-304769/notes_frontend/src/utils/notes.js", "pattern": "/^export function getNotePreview(note) {$/", "language": "JavaScript", "kind": "function", "signature": "(note)"}, {"_type": "tag", "name": "parseSearchQuery", "path": "/home/kavia/workspace/code-generation/note-organizer-304742-304769/notes_frontend/src/utils/notes.js", "pattern": "/^export function parseSearchQuery(query) {$/", "language": "JavaScript", "kind": "function", "signature": "(query)"}, {"_type": "tag", "name": "sortNotesByUpdatedAtDesc", "path": "/home/kavia/workspace/code-generation/note-organizer-304742-304769/notes_frontend/src/utils/notes.js", "pattern": "/^export function sortNotesByUpdatedAtDesc(notes) {$/", "language": "JavaScript", "kind": "function", "signature": "(notes)"}, {"_type": "tag", "name": "toHighlightedSegments", "path": "/home/kavia/workspace/code-generation/note-organizer-304742-304769/notes_frontend/src/utils/notes.js", "pattern": "/^export function toHighlightedSegments(text, needle) {$/", "language": "JavaScript", "kind": "function", "signature": "(text, needle)"}, {"_type": "tag", "name": "updateNoteTimestamps", "path": "/home/kavia/workspace/code-generation/note-organizer-304742-304769/notes_frontend/src/utils/notes.js", "pattern": "/^export function updateNoteTimestamps(note) {$/", "language": "JavaScript", "kind": "function", "signature": "(note)"}, {"_type": "tag", "name": "uuidLike", "path": "/home/kavia/workspace/code-generation/note-organizer-304742-304769/notes_frontend/src/utils/notes.js", "pattern": "/^function uuidLike() {$/", "language": "JavaScript", "kind": "function", "signature": "()"}], "hash": "24c51db51bf920b3c9283b127bebe382", "format-version": 4, "code-base-name": "notes_frontend", "filename": "notes_frontend/src/utils/notes.js"}