{"is_source_file": true, "format": "JavaScript", "description": "Main React application component for a note organizer app, managing state, UI rendering, and interactions.", "external_files": ["./api/notesApi", "./hooks/useDebouncedValue", "./hooks/useHotkeys", "./hooks/useLocalStorageState", "./utils/notes", "./components/Header", "./components/Sidebar", "./components/EditorPane", "./components/EmptyState", "./components/Toast", "./App.css"], "external_methods": ["NotesApi.upsertNote", "NotesApi.deleteNote", "createEmptyNote", "filterNotes", "formatDateTime", "getNotePreview", "parseSearchQuery", "sortNotesByUpdatedAtDesc", "updateNoteTimestamps"], "published": ["App"], "classes": [], "methods": [{"name": "App()", "description": "Main React functional component implementing the notes organizer app.", "scope": "", "scopeKind": ""}], "calls": ["React.useCallback", "React.useEffect", "React.useMemo", "React.useState", "NotesApi.upsertNote", "NotesApi.deleteNote", "useDebouncedValue", "useHotkeys", "useLocalStorageState", "createEmptyNote", "filterNotes", "formatDateTime", "getNotePreview", "parseSearchQuery", "sortNotesByUpdatedAtDesc", "updateNoteTimestamps", "showToast"], "search-terms": ["NotesApi", "useDebouncedValue", "useHotkeys", "useLocalStorageState", "Notes", "Header", "Sidebar", "EditorPane", "EmptyState", "Toast", "App.css", "notes_frontend", "notes", "notesApi", "Notes organizer app", "React component", "main app component"], "state": 2, "file_id": 5, "knowledge_revision": 63, "git_revision": "788004100ff3fc58d93dacdb6c02887d44f1b622", "revision_history": [{"25": "25d890fbe0df333831dc0000e15b5312d5a78559"}, {"26": "d9e5a8f5629e2bde77d1c86563818712b2059e03"}, {"53": "7a6ab34ad9e8826dbd7b39bf26435e2370b8c107"}, {"63": "788004100ff3fc58d93dacdb6c02887d44f1b622"}], "ctags": [{"_type": "tag", "name": "App", "path": "/home/kavia/workspace/code-generation/note-organizer-304742-304769/notes_frontend/src/App.js", "pattern": "/^function App() {$/", "language": "JavaScript", "kind": "function", "signature": "()"}, {"_type": "tag", "name": "activeTag", "path": "/home/kavia/workspace/code-generation/note-organizer-304742-304769/notes_frontend/src/App.js", "pattern": "/^          activeTag={activeTag}$/", "language": "JavaScript", "kind": "field", "scope": "App.activeTag", "scopeKind": "class"}, {"_type": "tag", "name": "allTags", "path": "/home/kavia/workspace/code-generation/note-organizer-304742-304769/notes_frontend/src/App.js", "pattern": "/^          allTags={allTags}$/", "language": "JavaScript", "kind": "field", "scope": "App.allTags", "scopeKind": "class"}, {"_type": "tag", "name": "clearSearch", "path": "/home/kavia/workspace/code-generation/note-organizer-304742-304769/notes_frontend/src/App.js", "pattern": "/^        onClearSearch={clearSearch}$/", "language": "JavaScript", "kind": "field", "scope": "App.onClearSearch", "scopeKind": "class"}, {"_type": "tag", "name": "createNote", "path": "/home/kavia/workspace/code-generation/note-organizer-304742-304769/notes_frontend/src/App.js", "pattern": "/^        onNewNote={createNote}$/", "language": "JavaScript", "kind": "field", "scope": "App.onNewNote", "scopeKind": "class"}, {"_type": "tag", "name": "duplicateSelected", "path": "/home/kavia/workspace/code-generation/note-organizer-304742-304769/notes_frontend/src/App.js", "pattern": "/^        onDuplicateNote={duplicateSelected}$/", "language": "JavaScript", "kind": "field", "scope": "App.onDuplicateNote", "scopeKind": "class"}, {"_type": "tag", "name": "exportSelectedToMarkdown", "path": "/home/kavia/workspace/code-generation/note-organizer-304742-304769/notes_frontend/src/App.js", "pattern": "/^        onExportMarkdown={exportSelectedToMarkdown}$/", "language": "JavaScript", "kind": "field", "scope": "App.onExportMarkdown", "scopeKind": "class"}, {"_type": "tag", "name": "lastSavedAtRef", "path": "/home/kavia/workspace/code-generation/note-organizer-304742-304769/notes_frontend/src/App.js", "pattern": "/^        lastSavedAt={lastSavedAtRef.current}$/", "language": "JavaScript", "kind": "field", "scope": "App.lastSavedAt", "scopeKind": "class"}, {"_type": "tag", "name": "parsedQuery", "path": "/home/kavia/workspace/code-generation/note-organizer-304742-304769/notes_frontend/src/App.js", "pattern": "/^          highlightQuery={parsedQuery.text}$/", "language": "JavaScript", "kind": "field", "scope": "App.highlightQuery", "scopeKind": "class"}, {"_type": "tag", "name": "query", "path": "/home/kavia/workspace/code-generation/note-organizer-304742-304769/notes_frontend/src/App.js", "pattern": "/^          query={query}$/", "language": "JavaScript", "kind": "field", "scope": "App.query", "scopeKind": "class"}, {"_type": "tag", "name": "saveState", "path": "/home/kavia/workspace/code-generation/note-organizer-304742-304769/notes_frontend/src/App.js", "pattern": "/^        saveState={saveState}$/", "language": "JavaScript", "kind": "field", "scope": "App.saveState", "scopeKind": "class"}, {"_type": "tag", "name": "selectedId", "path": "/home/kavia/workspace/code-generation/note-organizer-304742-304769/notes_frontend/src/App.js", "pattern": "/^          selectedId={selectedId}$/", "language": "JavaScript", "kind": "field", "scope": "App.selectedId", "scopeKind": "class"}, {"_type": "tag", "name": "setActiveTag", "path": "/home/kavia/workspace/code-generation/note-organizer-304742-304769/notes_frontend/src/App.js", "pattern": "/^          onActiveTagChange={setActiveTag}$/", "language": "JavaScript", "kind": "field", "scope": "App.onActiveTagChange", "scopeKind": "class"}, {"_type": "tag", "name": "setQuery", "path": "/home/kavia/workspace/code-generation/note-organizer-304742-304769/notes_frontend/src/App.js", "pattern": "/^          onQueryChange={setQuery}$/", "language": "JavaScript", "kind": "field", "scope": "App.onQueryChange", "scopeKind": "class"}, {"_type": "tag", "name": "shortcutHelp", "path": "/home/kavia/workspace/code-generation/note-organizer-304742-304769/notes_frontend/src/App.js", "pattern": "/^        shortcutHelp={shortcutHelp}$/", "language": "JavaScript", "kind": "field", "scope": "App.shortcutHelp", "scopeKind": "class"}, {"_type": "tag", "name": "sidebarOpen", "path": "/home/kavia/workspace/code-generation/note-organizer-304742-304769/notes_frontend/src/App.js", "pattern": "/^          open={sidebarOpen}$/", "language": "JavaScript", "kind": "field", "scope": "App.open", "scopeKind": "class"}, {"_type": "tag", "name": "theme", "path": "/home/kavia/workspace/code-generation/note-organizer-304742-304769/notes_frontend/src/App.js", "pattern": "/^        theme={theme}$/", "language": "JavaScript", "kind": "field", "scope": "App.theme", "scopeKind": "class"}, {"_type": "tag", "name": "visibleNotes", "path": "/home/kavia/workspace/code-generation/note-organizer-304742-304769/notes_frontend/src/App.js", "pattern": "/^          notes={visibleNotes}$/", "language": "JavaScript", "kind": "field", "scope": "App.notes", "scopeKind": "class"}], "hash": "6e650574f23e7c2eec3952ed663d91f5", "format-version": 4, "code-base-name": "notes_frontend", "filename": "notes_frontend/src/App.js", "fields": [{"name": "activeTag={activeTag}", "scope": "App.activeTag", "scopeKind": "class", "description": "unavailable"}, {"name": "allTags={allTags}", "scope": "App.allTags", "scopeKind": "class", "description": "unavailable"}, {"name": "onClearSearch={clearSearch}", "scope": "App.onClearSearch", "scopeKind": "class", "description": "unavailable"}, {"name": "onNewNote={createNote}", "scope": "App.onNewNote", "scopeKind": "class", "description": "unavailable"}, {"name": "onDuplicateNote={duplicateSelected}", "scope": "App.onDuplicateNote", "scopeKind": "class", "description": "unavailable"}, {"name": "onExportMarkdown={exportSelectedToMarkdown}", "scope": "App.onExportMarkdown", "scopeKind": "class", "description": "unavailable"}, {"name": "lastSavedAt={lastSavedAtRef.current}", "scope": "App.lastSavedAt", "scopeKind": "class", "description": "unavailable"}, {"name": "highlightQuery={parsedQuery.text}", "scope": "App.highlightQuery", "scopeKind": "class", "description": "unavailable"}, {"name": "query={query}", "scope": "App.query", "scopeKind": "class", "description": "unavailable"}, {"name": "saveState={saveState}", "scope": "App.saveState", "scopeKind": "class", "description": "unavailable"}, {"name": "selectedId={selectedId}", "scope": "App.selectedId", "scopeKind": "class", "description": "unavailable"}, {"name": "onActiveTagChange={setActiveTag}", "scope": "App.onActiveTagChange", "scopeKind": "class", "description": "unavailable"}, {"name": "onQueryChange={setQuery}", "scope": "App.onQueryChange", "scopeKind": "class", "description": "unavailable"}, {"name": "shortcutHelp={shortcutHelp}", "scope": "App.shortcutHelp", "scopeKind": "class", "description": "unavailable"}, {"name": "open={sidebarOpen}", "scope": "App.open", "scopeKind": "class", "description": "unavailable"}, {"name": "theme={theme}", "scope": "App.theme", "scopeKind": "class", "description": "unavailable"}, {"name": "notes={visibleNotes}", "scope": "App.notes", "scopeKind": "class", "description": "unavailable"}]}