{"is_source_file": false, "format": "", "description": "", "external_files": [], "external_methods": [], "published": [], "classes": [], "methods": [], "calls": [], "search-terms": [], "state": 2, "file_id": 11, "knowledge_revision": 20, "git_revision": "25d890fbe0df333831dc0000e15b5312d5a78559", "hash": "d001d53c059625c4bcf75bf5a7f3fcf0", "format-version": 4, "code-base-name": "notes_frontend", "filename": "notes_frontend/package.json", "revision_history": [{"20": "25d890fbe0df333831dc0000e15b5312d5a78559"}]}