{"is_source_file": true, "format": "JavaScript (React JSX)", "description": "This file defines the React component 'EditorPane' which provides a user interface for editing notes, including title, body, tags, and displaying save status, along with associated actions like save and delete.", "external_files": ["react"], "external_methods": ["useEffect", "useRef"], "published": ["EditorPane"], "classes": [], "methods": [{"name": "EditorPane({ noteMeta, title, body, tagsText, onTitleChange, onBodyChange, onTagsTextChange, onDelete, onSave, saveState, formatDateTime, registerTitleFocusRef, })", "description": "React functional component for rendering a note editing interface, handling note metadata display, content inputs, save status, and actions.", "scope": "", "scopeKind": ""}], "calls": ["React.useEffect", "React.useRef", "formatDateTime", "onTitleChange", "onBodyChange", "onTagsTextChange", "onDelete", "onSave"], "search-terms": ["React functional component", "note editor UI", "autosave indicator", "note metadata display", "save and delete actions"], "state": 2, "file_id": 20, "knowledge_revision": 54, "git_revision": "7a6ab34ad9e8826dbd7b39bf26435e2370b8c107", "revision_history": [{"49": "d9e5a8f5629e2bde77d1c86563818712b2059e03"}, {"54": "7a6ab34ad9e8826dbd7b39bf26435e2370b8c107"}], "ctags": [{"_type": "tag", "name": "EditorPane", "path": "/home/kavia/workspace/code-generation/note-organizer-304742-304769/notes_frontend/src/components/EditorPane.js", "pattern": "/^export function EditorPane({$/", "language": "JavaScript", "kind": "function", "signature": "({ noteMeta, title, body, tagsText, onTitleChange, onBodyChange, onTagsTextChange, onDelete, onSave, saveState, formatDateTime, registerTitleFocusRef, })"}, {"_type": "tag", "name": "body", "path": "/home/kavia/workspace/code-generation/note-organizer-304742-304769/notes_frontend/src/components/EditorPane.js", "pattern": "/^          value={body}$/", "language": "JavaScript", "kind": "field", "scope": "EditorPane.value", "scopeKind": "class"}, {"_type": "tag", "name": "tagsText", "path": "/home/kavia/workspace/code-generation/note-organizer-304742-304769/notes_frontend/src/components/EditorPane.js", "pattern": "/^          value={tagsText}$/", "language": "JavaScript", "kind": "field", "scope": "EditorPane.value", "scopeKind": "class"}, {"_type": "tag", "name": "title", "path": "/home/kavia/workspace/code-generation/note-organizer-304742-304769/notes_frontend/src/components/EditorPane.js", "pattern": "/^          value={title}$/", "language": "JavaScript", "kind": "field", "scope": "EditorPane.value", "scopeKind": "class"}, {"_type": "tag", "name": "titleInputRef", "path": "/home/kavia/workspace/code-generation/note-organizer-304742-304769/notes_frontend/src/components/EditorPane.js", "pattern": "/^          ref={titleInputRef}$/", "language": "JavaScript", "kind": "field", "scope": "EditorPane.ref", "scopeKind": "class"}], "hash": "4718cfe2af5abb7710db5a39369a4380", "format-version": 4, "code-base-name": "notes_frontend", "filename": "notes_frontend/src/components/EditorPane.js", "fields": [{"name": "value={body}", "scope": "EditorPane.value", "scopeKind": "class", "description": "unavailable"}, {"name": "value={tagsText}", "scope": "EditorPane.value", "scopeKind": "class", "description": "unavailable"}, {"name": "value={title}", "scope": "EditorPane.value", "scopeKind": "class", "description": "unavailable"}, {"name": "ref={titleInputRef}", "scope": "EditorPane.ref", "scopeKind": "class", "description": "unavailable"}]}