{"is_source_file": false, "format": "", "description": "", "external_files": [], "external_methods": [], "published": [], "classes": [], "methods": [], "calls": [], "search-terms": ["README.md", "notes_frontend", "React Frontend", "UI", "notes organizer"], "state": 2, "file_id": 7, "knowledge_revision": 41, "git_revision": "d9e5a8f5629e2bde77d1c86563818712b2059e03", "hash": "570bed1fd27a4a5a45af87b8677e5b4e", "format-version": 4, "code-base-name": "notes_frontend", "filename": "notes_frontend/README.md", "revision_history": [{"41": "d9e5a8f5629e2bde77d1c86563818712b2059e03"}]}