{"is_source_file": true, "format": "JavaScript", "description": "Test setup file for configuring custom DOM matchers in jest testing environment for the frontend project.", "external_files": ["@testing-library/jest-dom"], "external_methods": [], "published": [], "classes": [], "methods": [], "calls": ["import '@testing-library/jest-dom'"], "search-terms": ["setupTests.js", "jest-dom", "testing-library", "jest", "test setup", "custom matchers", "DOM nodes"], "state": 2, "file_id": 6, "knowledge_revision": 23, "git_revision": "25d890fbe0df333831dc0000e15b5312d5a78559", "ctags": [], "hash": "1a77571e1a8cf36018a41bcedf60db75", "format-version": 4, "code-base-name": "notes_frontend", "filename": "notes_frontend/src/setupTests.js", "revision_history": [{"23": "25d890fbe0df333831dc0000e15b5312d5a78559"}]}