{"is_source_file": true, "format": "JavaScript", "description": "This file defines a React hook named useHotkeys that enables registration of keyboard shortcut callbacks within React components. It includes utility functions to detect platform, normalize key combinations, and translate keyboard events into string representations.", "external_files": [], "external_methods": ["useEffect"], "published": ["useHotkeys"], "classes": [], "methods": [{"name": "isMac()", "description": "Detects if the current platform is macOS or iOS based on navigator.platform.", "scope": "", "scopeKind": ""}, {"name": "normalizeCombo(combo)", "description": "Normalizes keyboard shortcut strings to a standard format, replacing platform-specific modifiers with 'meta' or 'control'.", "scope": "", "scopeKind": ""}, {"name": "eventToKey(e)", "description": "Converts a keyboard event into a string representing the combination of modifiers and the key pressed.", "scope": "", "scopeKind": ""}, {"name": "useHotkeys(map, options = {})", "scope": "", "scopeKind": "", "description": "unavailable"}], "calls": ["useEffect", "window.addEventListener", "window.removeEventListener"], "search-terms": ["useHotkeys", "keyboard shortcuts", "React hook", "hotkey handler", "normalize key combo", "platform detection"], "state": 2, "file_id": 16, "knowledge_revision": 45, "git_revision": "d9e5a8f5629e2bde77d1c86563818712b2059e03", "ctags": [{"_type": "tag", "name": "eventToKey", "path": "/home/kavia/workspace/code-generation/note-organizer-304742-304769/notes_frontend/src/hooks/useHotkeys.js", "pattern": "/^function eventToKey(e) {$/", "language": "JavaScript", "kind": "function", "signature": "(e)"}, {"_type": "tag", "name": "isMac", "path": "/home/kavia/workspace/code-generation/note-organizer-304742-304769/notes_frontend/src/hooks/useHotkeys.js", "pattern": "/^function isMac() {$/", "language": "JavaScript", "kind": "function", "signature": "()"}, {"_type": "tag", "name": "normalizeCombo", "path": "/home/kavia/workspace/code-generation/note-organizer-304742-304769/notes_frontend/src/hooks/useHotkeys.js", "pattern": "/^function normalizeCombo(combo) {$/", "language": "JavaScript", "kind": "function", "signature": "(combo)"}, {"_type": "tag", "name": "useHotkeys", "path": "/home/kavia/workspace/code-generation/note-organizer-304742-304769/notes_frontend/src/hooks/useHotkeys.js", "pattern": "/^export function useHotkeys(map, options = {}) {$/", "language": "JavaScript", "kind": "function", "signature": "(map, options = {})"}], "hash": "f17d635bfeb7a20557ce306a2cd28683", "format-version": 4, "code-base-name": "notes_frontend", "filename": "notes_frontend/src/hooks/useHotkeys.js", "revision_history": [{"45": "d9e5a8f5629e2bde77d1c86563818712b2059e03"}]}