{"is_source_file": true, "format": "JavaScript", "description": "A React custom hook that provides a state synchronized with localStorage, reading the initial value once on mount and persisting changes immediately, handling JSON errors gracefully.", "external_files": ["react"], "external_methods": ["useEffect", "useState"], "published": ["useLocalStorageState"], "classes": [], "methods": [{"name": "useLocalStorageState(key, initialValue)", "description": "A custom React hook that manages state backed by localStorage, initializing from localStorage and updating it on state changes.", "scope": "", "scopeKind": ""}], "calls": ["React.useState", "React.useEffect", "window.localStorage.getItem", "JSON.parse", "JSON.stringify", "window.localStorage.setItem"], "search-terms": ["useLocalStorageState", "localStorage-backed React hook", "useEffect", "useState", "persistent state", "localStorage", "JSON parse errors"], "state": 2, "file_id": 14, "knowledge_revision": 43, "git_revision": "d9e5a8f5629e2bde77d1c86563818712b2059e03", "ctags": [{"_type": "tag", "name": "useLocalStorageState", "path": "/home/kavia/workspace/code-generation/note-organizer-304742-304769/notes_frontend/src/hooks/useLocalStorageState.js", "pattern": "/^export function useLocalStorageState(key, initialValue) {$/", "language": "JavaScript", "kind": "function", "signature": "(key, initialValue)"}], "hash": "b9eaa18d2db92dc6c2d3f9d9695e897c", "format-version": 4, "code-base-name": "notes_frontend", "filename": "notes_frontend/src/hooks/useLocalStorageState.js", "revision_history": [{"43": "d9e5a8f5629e2bde77d1c86563818712b2059e03"}]}