{"is_source_file": false, "format": "", "description": "", "external_files": [], "external_methods": [], "published": [], "classes": [], "methods": [], "calls": [], "search-terms": ["CSS Variables", "theme management", "dark theme", "light theme", "App.css", "CSS styling", "responsive design"], "state": 2, "file_id": 4, "knowledge_revision": 19, "git_revision": "25d890fbe0df333831dc0000e15b5312d5a78559", "hash": "22f9e17cc1848b56dbb244518ac2707e", "format-version": 4, "code-base-name": "notes_frontend", "filename": "notes_frontend/src/App.css", "revision_history": [{"19": "25d890fbe0df333831dc0000e15b5312d5a78559"}]}