{"is_source_file": true, "format": "JavaScript (ES Module, .mjs)", "description": "ESLint configuration file written in JavaScript, setting up linting rules, plugins, and parser options for a JavaScript project with React.", "external_files": ["@eslint/js", "eslint-plugin-react"], "external_methods": [], "published": [], "classes": [], "methods": [], "calls": ["pluginJs", "pluginReact", "pluginJs.configs.recommended"], "search-terms": ["eslint", "eslint-config", "eslint-plugin-react", "jsx", "module", "eslint.config.mjs"], "state": 2, "file_id": 10, "knowledge_revision": 18, "git_revision": "25d890fbe0df333831dc0000e15b5312d5a78559", "hash": "be6538e7523bc2e9da0743133d784136", "format-version": 4, "code-base-name": "notes_frontend", "filename": "notes_frontend/eslint.config.mjs", "revision_history": [{"18": "25d890fbe0df333831dc0000e15b5312d5a78559"}]}