{"is_source_file": false, "format": null, "description": "", "external_files": [], "external_methods": [], "published": [], "classes": [], "methods": [], "calls": [], "search-terms": ["README.md", "React", "template", "kavia", "lightweight", "UI", "CSS variables", "src/App.css"], "state": 2, "file_id": 7, "knowledge_revision": 16, "git_revision": "25d890fbe0df333831dc0000e15b5312d5a78559", "hash": "ebece526bc2eadd78ddd787a76c56607", "format-version": 4, "code-base-name": "notes_frontend", "filename": "notes_frontend/README.md", "revision_history": [{"16": "25d890fbe0df333831dc0000e15b5312d5a78559"}]}