{"is_source_file": true, "format": "JavaScript", "description": "This file contains utility functions for managing note objects, including creation, timestamp updates, sorting, preview generation, filtering, and date formatting. It is used to keep the main components of a note-taking app clean by separating logic related to note data handling.", "external_files": [], "external_methods": [], "published": ["createEmptyNote", "updateNoteTimestamps", "sortNotesByUpdatedAtDesc", "getNotePreview", "filterNotes", "formatDateTime"], "classes": [], "methods": [{"name": "uuidLike()", "description": "Generates a simple unique-like identifier based on timestamp and randomness, suitable for local usage.", "scope": "", "scopeKind": ""}, {"name": "createEmptyNote()", "scope": "", "scopeKind": "", "description": "unavailable"}, {"name": "filterNotes(notes, query, activeTag)", "scope": "", "scopeKind": "", "description": "unavailable"}, {"name": "formatDateTime(iso)", "scope": "", "scopeKind": "", "description": "unavailable"}, {"name": "getNotePreview(note)", "scope": "", "scopeKind": "", "description": "unavailable"}, {"name": "sortNotesByUpdatedAtDesc(notes)", "scope": "", "scopeKind": "", "description": "unavailable"}, {"name": "updateNoteTimestamps(note)", "scope": "", "scopeKind": "", "description": "unavailable"}], "calls": ["Date.now()", "Math.random()", "new Date().toISOString()", "Date.parse()", "Intl.DateTimeFormat"], "search-terms": ["notes_utilities", "note_management", "timestamp_update", "note_filtering", "date_formatting", "sort_notes"], "state": 2, "file_id": 17, "knowledge_revision": 46, "git_revision": "d9e5a8f5629e2bde77d1c86563818712b2059e03", "ctags": [{"_type": "tag", "name": "createEmptyNote", "path": "/home/kavia/workspace/code-generation/note-organizer-304742-304769/notes_frontend/src/utils/notes.js", "pattern": "/^export function createEmptyNote() {$/", "language": "JavaScript", "kind": "function", "signature": "()"}, {"_type": "tag", "name": "filterNotes", "path": "/home/kavia/workspace/code-generation/note-organizer-304742-304769/notes_frontend/src/utils/notes.js", "pattern": "/^export function filterNotes(notes, query, activeTag) {$/", "language": "JavaScript", "kind": "function", "signature": "(notes, query, activeTag)"}, {"_type": "tag", "name": "formatDateTime", "path": "/home/kavia/workspace/code-generation/note-organizer-304742-304769/notes_frontend/src/utils/notes.js", "pattern": "/^export function formatDateTime(iso) {$/", "language": "JavaScript", "kind": "function", "signature": "(iso)"}, {"_type": "tag", "name": "getNotePreview", "path": "/home/kavia/workspace/code-generation/note-organizer-304742-304769/notes_frontend/src/utils/notes.js", "pattern": "/^export function getNotePreview(note) {$/", "language": "JavaScript", "kind": "function", "signature": "(note)"}, {"_type": "tag", "name": "sortNotesByUpdatedAtDesc", "path": "/home/kavia/workspace/code-generation/note-organizer-304742-304769/notes_frontend/src/utils/notes.js", "pattern": "/^export function sortNotesByUpdatedAtDesc(notes) {$/", "language": "JavaScript", "kind": "function", "signature": "(notes)"}, {"_type": "tag", "name": "updateNoteTimestamps", "path": "/home/kavia/workspace/code-generation/note-organizer-304742-304769/notes_frontend/src/utils/notes.js", "pattern": "/^export function updateNoteTimestamps(note) {$/", "language": "JavaScript", "kind": "function", "signature": "(note)"}, {"_type": "tag", "name": "uuidLike", "path": "/home/kavia/workspace/code-generation/note-organizer-304742-304769/notes_frontend/src/utils/notes.js", "pattern": "/^function uuidLike() {$/", "language": "JavaScript", "kind": "function", "signature": "()"}], "hash": "062cdca26127f46f8c3995ffe807b7fb", "format-version": 4, "code-base-name": "notes_frontend", "filename": "notes_frontend/src/utils/notes.js", "revision_history": [{"46": "d9e5a8f5629e2bde77d1c86563818712b2059e03"}]}