{"is_source_file": true, "format": "JavaScript", "description": "This file defines a client class for interacting with a Notes API, providing methods to list, upsert, and delete notes. It includes functions for resolving the API base URL and for safely parsing JSON responses.", "external_files": ["fetch API (built-in to environment, typically browser)", "environment variables (via process.env)"], "external_methods": ["fetch()"], "published": ["NotesApi"], "classes": [{"name": "NotesApi", "description": "A class providing methods to interact with the Notes API backend, including listing, creating/updating, and deleting notes."}], "methods": [{"name": "resolveApiBase()", "description": "Determines the base URL for the API using environment variables, with fallback behavior.", "scope": "", "scopeKind": ""}, {"name": "safeJson(res)", "description": "Safely parses a fetch response as JSON, returning null if parsing fails.", "scope": "", "scopeKind": ""}, {"name": "hasApi()", "description": "Checks if the API base URL is configured.", "scope": "NotesApi", "scopeKind": "class"}, {"name": "listNotes()", "description": "Fetches the list of notes from the API endpoint.", "scope": "NotesApi", "scopeKind": "class"}, {"name": "upsertNote(note)", "description": "Creates or updates a note by sending a PUT request with note data.", "scope": "NotesApi", "scopeKind": "class"}, {"name": "deleteNote(id)", "description": "Deletes a note by its ID via API call.", "scope": "NotesApi", "scopeKind": "class"}, {"name": "constructor()", "scope": "NotesApi", "scopeKind": "class", "description": "unavailable"}], "calls": ["fetch()", "JSON.parse()", "JSON.stringify()"], "search-terms": ["NotesApi", "notes_frontend/src/api/notesApi.js", "resolveApiBase", "safeJson", "listNotes", "upsertNote", "deleteNote"], "state": 2, "file_id": 13, "knowledge_revision": 42, "git_revision": "d9e5a8f5629e2bde77d1c86563818712b2059e03", "ctags": [{"_type": "tag", "name": "NotesApi", "path": "/home/kavia/workspace/code-generation/note-organizer-304742-304769/notes_frontend/src/api/notesApi.js", "pattern": "/^export class NotesApi {$/", "language": "JavaScript", "kind": "class"}, {"_type": "tag", "name": "constructor", "path": "/home/kavia/workspace/code-generation/note-organizer-304742-304769/notes_frontend/src/api/notesApi.js", "pattern": "/^  constructor() {$/", "language": "JavaScript", "kind": "method", "signature": "()", "scope": "NotesApi", "scopeKind": "class"}, {"_type": "tag", "name": "deleteNote", "path": "/home/kavia/workspace/code-generation/note-organizer-304742-304769/notes_frontend/src/api/notesApi.js", "pattern": "/^  async deleteNote(id) {$/", "language": "JavaScript", "kind": "method", "signature": "(id)", "scope": "NotesApi", "scopeKind": "class"}, {"_type": "tag", "name": "hasApi", "path": "/home/kavia/workspace/code-generation/note-organizer-304742-304769/notes_frontend/src/api/notesApi.js", "pattern": "/^  hasApi() {$/", "language": "JavaScript", "kind": "method", "signature": "()", "scope": "NotesApi", "scopeKind": "class"}, {"_type": "tag", "name": "listNotes", "path": "/home/kavia/workspace/code-generation/note-organizer-304742-304769/notes_frontend/src/api/notesApi.js", "pattern": "/^  async listNotes() {$/", "language": "JavaScript", "kind": "method", "signature": "()", "scope": "NotesApi", "scopeKind": "class"}, {"_type": "tag", "name": "resolveApiBase", "path": "/home/kavia/workspace/code-generation/note-organizer-304742-304769/notes_frontend/src/api/notesApi.js", "pattern": "/^function resolveApiBase() {$/", "language": "JavaScript", "kind": "function", "signature": "()"}, {"_type": "tag", "name": "safeJson", "path": "/home/kavia/workspace/code-generation/note-organizer-304742-304769/notes_frontend/src/api/notesApi.js", "pattern": "/^async function safeJson(res) {$/", "language": "JavaScript", "kind": "function", "signature": "(res)"}, {"_type": "tag", "name": "upsertNote", "path": "/home/kavia/workspace/code-generation/note-organizer-304742-304769/notes_frontend/src/api/notesApi.js", "pattern": "/^  async upsertNote(note) {$/", "language": "JavaScript", "kind": "method", "signature": "(note)", "scope": "NotesApi", "scopeKind": "class"}], "hash": "1be75648ae12a02b1f2f5125d2456036", "format-version": 4, "code-base-name": "notes_frontend", "filename": "notes_frontend/src/api/notesApi.js", "revision_history": [{"42": "d9e5a8f5629e2bde77d1c86563818712b2059e03"}]}