{"is_source_file": true, "format": "JavaScript", "description": "This file defines a React custom hook called useDebouncedValue, which returns a debounced version of a value that updates after a specified delay.", "external_files": ["react"], "external_methods": ["useEffect", "useState"], "published": ["useDebouncedValue"], "classes": [], "methods": [{"name": "useDebouncedValue(value, delayMs)", "description": "A React hook that returns a debounced version of the input value, updating after the specified delay.", "scope": "", "scopeKind": ""}], "calls": ["window.setTimeout", "window.clearTimeout"], "search-terms": ["debounced", "useDebouncedValue", "react hook", "timeout", "debounce"], "state": 2, "file_id": 15, "knowledge_revision": 44, "git_revision": "d9e5a8f5629e2bde77d1c86563818712b2059e03", "ctags": [{"_type": "tag", "name": "useDebouncedValue", "path": "/home/kavia/workspace/code-generation/note-organizer-304742-304769/notes_frontend/src/hooks/useDebouncedValue.js", "pattern": "/^export function useDebouncedValue(value, delayMs) {$/", "language": "JavaScript", "kind": "function", "signature": "(value, delayMs)"}], "hash": "81abe60980fa010952dc2c94d99294ef", "format-version": 4, "code-base-name": "notes_frontend", "filename": "notes_frontend/src/hooks/useDebouncedValue.js", "revision_history": [{"44": "d9e5a8f5629e2bde77d1c86563818712b2059e03"}]}