{"is_source_file": true, "format": "JavaScript (React JSX)", "description": "This file defines a React functional component named 'Toast' that displays a transient notification message with styling based on the message tone. It handles keyboard dismissal through the Escape key and is used as part of a web UI.", "external_files": ["react"], "external_methods": ["useEffect"], "published": ["Toast"], "classes": [], "methods": [{"name": "Toast({ toast, onDismiss })", "description": "A React functional component that renders a styled toast message, managing auto-dismissal and styling based on the toast tone.", "scope": "", "scopeKind": ""}], "calls": ["window.addEventListener", "window.removeEventListener"], "search-terms": ["Toast component", "React toast message", "useEffect hook", "auto-dismiss notification", "keyboard event handler"], "state": 2, "file_id": 22, "knowledge_revision": 51, "git_revision": "d9e5a8f5629e2bde77d1c86563818712b2059e03", "ctags": [{"_type": "tag", "name": "Toast ${toneClass}", "path": "/home/kavia/workspace/code-generation/note-organizer-304742-304769/notes_frontend/src/components/Toast.js", "pattern": "/^    <div className={`Toast ${toneClass}`} role=\"status\" aria-live=\"polite\">$/", "language": "JavaScript", "kind": "field", "scope": "Toast.AnonymousClass273ac12f0101", "scopeKind": "class"}, {"_type": "tag", "name": "Toast", "path": "/home/kavia/workspace/code-generation/note-organizer-304742-304769/notes_frontend/src/components/Toast.js", "pattern": "/^export function Toast({ toast, onDismiss }) {$/", "language": "JavaScript", "kind": "function", "signature": "({ toast, onDismiss })"}], "hash": "6b014beb609641dc33ae48fbba65f76e", "format-version": 4, "code-base-name": "notes_frontend", "filename": "notes_frontend/src/components/Toast.js", "fields": [{"name": "<div className={`Toast ${toneClass}`} role=\"status\" aria-live=\"polite\">", "scope": "Toast.AnonymousClass273ac12f0101", "scopeKind": "class", "description": "unavailable"}], "revision_history": [{"51": "d9e5a8f5629e2bde77d1c86563818712b2059e03"}]}