{"is_source_file": false, "format": "", "description": "", "external_files": [], "external_methods": [], "published": [], "classes": [], "methods": [], "calls": [], "search-terms": [], "state": 2, "file_id": 11, "knowledge_revision": 40, "git_revision": "d9e5a8f5629e2bde77d1c86563818712b2059e03", "hash": "c4bf6050ded03451f077f0d178a26738", "format-version": 4, "code-base-name": "notes_frontend", "filename": "notes_frontend/package.json", "revision_history": [{"40": "d9e5a8f5629e2bde77d1c86563818712b2059e03"}]}