{"is_source_file": true, "format": "JavaScript", "description": "This file is the entry point for a React application, typically used to initialize and render the main application component into the DOM.", "external_files": ["./index.css", "./App"], "external_methods": ["ReactDOM.createRoot", "root.render"], "published": ["React", "ReactDOM", "App"], "classes": [], "methods": [{"name": "ReactDOM.createRoot", "description": "Creates a root for rendering a React component into a specific DOM node."}, {"name": "root.render", "description": "Renders a React element into the created root."}], "calls": ["ReactDOM.createRoot", "root.render"], "search-terms": ["React", "ReactDOM", "index.js", "entry point", "main component"], "state": 2, "file_id": 3, "knowledge_revision": 24, "git_revision": "25d890fbe0df333831dc0000e15b5312d5a78559", "ctags": [{"_type": "tag", "name": "root", "path": "/home/kavia/workspace/code-generation/note-organizer-304742-304769/notes_frontend/src/index.js", "pattern": "/^const root = ReactDOM.createRoot(document.getElementById('root'));$/", "language": "JavaScript", "kind": "constant"}], "hash": "9fc5841375336fc175b49f8767a11383", "format-version": 4, "code-base-name": "notes_frontend", "filename": "notes_frontend/src/index.js", "revision_history": [{"24": "25d890fbe0df333831dc0000e15b5312d5a78559"}]}