{"is_source_file": false, "format": "", "description": "", "external_files": [], "external_methods": [], "published": [], "classes": [], "methods": [], "calls": [], "search-terms": [], "state": 2, "file_id": 4, "knowledge_revision": 27, "git_revision": "d9e5a8f5629e2bde77d1c86563818712b2059e03", "hash": "bccac3bfeaeb3338be120864e2059bf2", "format-version": 4, "code-base-name": "notes_frontend", "filename": "notes_frontend/src/App.css", "revision_history": [{"27": "d9e5a8f5629e2bde77d1c86563818712b2059e03"}]}