{"is_source_file": false, "format": "", "description": "", "external_files": [], "external_methods": [], "published": [], "classes": [], "methods": [], "calls": [], "search-terms": [], "state": 2, "file_id": 2, "knowledge_revision": 28, "git_revision": "d9e5a8f5629e2bde77d1c86563818712b2059e03", "hash": "982f72e7d9d297b21c942cdca6224acb", "format-version": 4, "code-base-name": "notes_frontend", "filename": "notes_frontend/src/index.css", "revision_history": [{"28": "d9e5a8f5629e2bde77d1c86563818712b2059e03"}]}