{"is_source_file": true, "format": "JavaScript (React JSX)", "description": "The file 'App.js' defines the main React component for a note organizer application. It manages state, handles user interactions, performs API calls for CRUD operations, and composes the interface with various subcomponents such as Header, Sidebar, EditorPane, EmptyState, and Toast. It also includes hooks for keyboard shortcuts, debounced search, and local storage persistence.", "external_files": ["./api/notesApi", "./hooks/useDebouncedValue", "./hooks/useHotkeys", "./hooks/useLocalStorageState", "./utils/notes", "./components/Header", "./components/Sidebar", "./components/EditorPane", "./components/EmptyState", "./components/Toast", "./App.css"], "external_methods": ["NotesApi.upsertNote", "NotesApi.deleteNote", "filterNotes", "sortNotesByUpdatedAtDesc", "updateNoteTimestamps", "createEmptyNote", "formatDateTime", "getNotePreview"], "published": [], "classes": [], "methods": [{"name": "App()", "description": "Main React functional component managing the notes application, including state, effects, and handlers for user interactions.", "scope": "", "scopeKind": ""}], "calls": ["document.documentElement.setAttribute", "useEffect", "useMemo", "useCallback", "setNotes", "setSelectedId", "setDraftTitle", "setDraftBody", "setDraftTagsText", "setSaveState", "showToast", "api.upsertNote", "api.deleteNote", "filterNotes", "sortNotesByUpdatedAtDesc", "updateNoteTimestamps", "createEmptyNote"], "search-terms": ["React", "NotesApi", "localStorage", "debounce", "keyboard shortcuts", "note editing", "state management", "API fallback", "note filtering", "note sorting"], "state": 2, "file_id": 5, "knowledge_revision": 26, "git_revision": "d9e5a8f5629e2bde77d1c86563818712b2059e03", "revision_history": [{"25": "25d890fbe0df333831dc0000e15b5312d5a78559"}, {"26": "d9e5a8f5629e2bde77d1c86563818712b2059e03"}], "ctags": [{"_type": "tag", "name": "App", "path": "/home/kavia/workspace/code-generation/note-organizer-304742-304769/notes_frontend/src/App.js", "pattern": "/^function App() {$/", "language": "JavaScript", "kind": "function", "signature": "()"}, {"_type": "tag", "name": "activeTag", "path": "/home/kavia/workspace/code-generation/note-organizer-304742-304769/notes_frontend/src/App.js", "pattern": "/^          activeTag={activeTag}$/", "language": "JavaScript", "kind": "field", "scope": "App.activeTag", "scopeKind": "class"}, {"_type": "tag", "name": "allTags", "path": "/home/kavia/workspace/code-generation/note-organizer-304742-304769/notes_frontend/src/App.js", "pattern": "/^          allTags={allTags}$/", "language": "JavaScript", "kind": "field", "scope": "App.allTags", "scopeKind": "class"}, {"_type": "tag", "name": "createNote", "path": "/home/kavia/workspace/code-generation/note-organizer-304742-304769/notes_frontend/src/App.js", "pattern": "/^        onNewNote={createNote}$/", "language": "JavaScript", "kind": "field", "scope": "App.onNewNote", "scopeKind": "class"}, {"_type": "tag", "name": "lastSavedAtRef", "path": "/home/kavia/workspace/code-generation/note-organizer-304742-304769/notes_frontend/src/App.js", "pattern": "/^        lastSavedAt={lastSavedAtRef.current}$/", "language": "JavaScript", "kind": "field", "scope": "App.lastSavedAt", "scopeKind": "class"}, {"_type": "tag", "name": "query", "path": "/home/kavia/workspace/code-generation/note-organizer-304742-304769/notes_frontend/src/App.js", "pattern": "/^          query={query}$/", "language": "JavaScript", "kind": "field", "scope": "App.query", "scopeKind": "class"}, {"_type": "tag", "name": "saveState", "path": "/home/kavia/workspace/code-generation/note-organizer-304742-304769/notes_frontend/src/App.js", "pattern": "/^        saveState={saveState}$/", "language": "JavaScript", "kind": "field", "scope": "App.saveState", "scopeKind": "class"}, {"_type": "tag", "name": "selectedId", "path": "/home/kavia/workspace/code-generation/note-organizer-304742-304769/notes_frontend/src/App.js", "pattern": "/^          selectedId={selectedId}$/", "language": "JavaScript", "kind": "field", "scope": "App.selectedId", "scopeKind": "class"}, {"_type": "tag", "name": "setActiveTag", "path": "/home/kavia/workspace/code-generation/note-organizer-304742-304769/notes_frontend/src/App.js", "pattern": "/^          onActiveTagChange={setActiveTag}$/", "language": "JavaScript", "kind": "field", "scope": "App.onActiveTagChange", "scopeKind": "class"}, {"_type": "tag", "name": "setQuery", "path": "/home/kavia/workspace/code-generation/note-organizer-304742-304769/notes_frontend/src/App.js", "pattern": "/^          onQueryChange={setQuery}$/", "language": "JavaScript", "kind": "field", "scope": "App.onQueryChange", "scopeKind": "class"}, {"_type": "tag", "name": "shortcutHelp", "path": "/home/kavia/workspace/code-generation/note-organizer-304742-304769/notes_frontend/src/App.js", "pattern": "/^        shortcutHelp={shortcutHelp}$/", "language": "JavaScript", "kind": "field", "scope": "App.shortcutHelp", "scopeKind": "class"}, {"_type": "tag", "name": "sidebarOpen", "path": "/home/kavia/workspace/code-generation/note-organizer-304742-304769/notes_frontend/src/App.js", "pattern": "/^          open={sidebarOpen}$/", "language": "JavaScript", "kind": "field", "scope": "App.open", "scopeKind": "class"}, {"_type": "tag", "name": "theme", "path": "/home/kavia/workspace/code-generation/note-organizer-304742-304769/notes_frontend/src/App.js", "pattern": "/^        theme={theme}$/", "language": "JavaScript", "kind": "field", "scope": "App.theme", "scopeKind": "class"}, {"_type": "tag", "name": "visibleNotes", "path": "/home/kavia/workspace/code-generation/note-organizer-304742-304769/notes_frontend/src/App.js", "pattern": "/^          notes={visibleNotes}$/", "language": "JavaScript", "kind": "field", "scope": "App.notes", "scopeKind": "class"}], "hash": "b538a97c6985691e1586a2dcfa263dd5", "format-version": 4, "code-base-name": "notes_frontend", "filename": "notes_frontend/src/App.js", "fields": [{"name": "activeTag={activeTag}", "scope": "App.activeTag", "scopeKind": "class", "description": "unavailable"}, {"name": "allTags={allTags}", "scope": "App.allTags", "scopeKind": "class", "description": "unavailable"}, {"name": "onNewNote={createNote}", "scope": "App.onNewNote", "scopeKind": "class", "description": "unavailable"}, {"name": "lastSavedAt={lastSavedAtRef.current}", "scope": "App.lastSavedAt", "scopeKind": "class", "description": "unavailable"}, {"name": "query={query}", "scope": "App.query", "scopeKind": "class", "description": "unavailable"}, {"name": "saveState={saveState}", "scope": "App.saveState", "scopeKind": "class", "description": "unavailable"}, {"name": "selectedId={selectedId}", "scope": "App.selectedId", "scopeKind": "class", "description": "unavailable"}, {"name": "onActiveTagChange={setActiveTag}", "scope": "App.onActiveTagChange", "scopeKind": "class", "description": "unavailable"}, {"name": "onQueryChange={setQuery}", "scope": "App.onQueryChange", "scopeKind": "class", "description": "unavailable"}, {"name": "shortcutHelp={shortcutHelp}", "scope": "App.shortcutHelp", "scopeKind": "class", "description": "unavailable"}, {"name": "open={sidebarOpen}", "scope": "App.open", "scopeKind": "class", "description": "unavailable"}, {"name": "theme={theme}", "scope": "App.theme", "scopeKind": "class", "description": "unavailable"}, {"name": "notes={visibleNotes}", "scope": "App.notes", "scopeKind": "class", "description": "unavailable"}]}