{"is_source_file": true, "format": "JavaScript", "description": "This file defines a React functional component named Sidebar, which renders a sidebar UI with search, tag filters, and a list of notes. It manages focus, filtering, and selection interactions for notes.", "external_files": ["../utils/notes"], "external_methods": ["formatDateTime", "getNotePreview"], "published": ["Sidebar"], "classes": [], "methods": [{"name": "Sidebar({ open, notes, allTags, activeTag, onActiveTagChange, selectedId, onSelect, query, onQueryChange, registerSearchFocus, })", "description": "React functional component that renders the sidebar with search and tag filters, and list of notes.", "scope": "", "scopeKind": ""}], "calls": ["React.useEffect", "React.useMemo", "React.useRef", "../utils/notes.formatDateTime", "../utils/notes.getNotePreview"], "search-terms": ["Sidebar", "React functional component", "notes sidebar", "tag filters", "note list rendering", "search focus"], "state": 2, "file_id": 19, "knowledge_revision": 55, "git_revision": "7a6ab34ad9e8826dbd7b39bf26435e2370b8c107", "revision_history": [{"48": "d9e5a8f5629e2bde77d1c86563818712b2059e03"}, {"55": "7a6ab34ad9e8826dbd7b39bf26435e2370b8c107"}], "ctags": [{"_type": "tag", "name": "Sidebar", "path": "/home/kavia/workspace/code-generation/note-organizer-304742-304769/notes_frontend/src/components/Sidebar.js", "pattern": "/^export function Sidebar({$/", "language": "JavaScript", "kind": "function", "signature": "({ open, notes, allTags, activeTag, onActiveTagChange, selectedId, onSelect, query, onQueryChange, registerSearchFocus, })"}, {"_type": "tag", "name": "query", "path": "/home/kavia/workspace/code-generation/note-organizer-304742-304769/notes_frontend/src/components/Sidebar.js", "pattern": "/^            value={query}$/", "language": "JavaScript", "kind": "field", "scope": "Sidebar.value", "scopeKind": "class"}, {"_type": "tag", "name": "searchRef", "path": "/home/kavia/workspace/code-generation/note-organizer-304742-304769/notes_frontend/src/components/Sidebar.js", "pattern": "/^            ref={searchRef}$/", "language": "JavaScript", "kind": "field", "scope": "Sidebar.ref", "scopeKind": "class"}], "hash": "ed39b4a69c777876a79659b57013739c", "format-version": 4, "code-base-name": "notes_frontend", "filename": "notes_frontend/src/components/Sidebar.js", "fields": [{"name": "value={query}", "scope": "Sidebar.value", "scopeKind": "class", "description": "unavailable"}, {"name": "ref={searchRef}", "scope": "Sidebar.ref", "scopeKind": "class", "description": "unavailable"}]}