{"is_source_file": true, "format": "JavaScript (React JSX)", "description": "This file defines a React functional component called Header, which renders the top application header bar with various controls and status indicators for the note-taking app.", "external_files": ["react"], "external_methods": ["React"], "published": ["Header"], "classes": [], "methods": [{"name": "Header({ theme, onToggleTheme, saveState, lastSavedAt, onNewNote, onToggleSidebar, onDuplicateNote, onExportMarkdown, onClearSearch, canDuplicate = true, canExport = true, canClearSearch = true, shortcutHelp, })", "description": "React functional component rendering the top application header with controls such as theme toggle, save status, and note actions.", "scope": "", "scopeKind": ""}], "calls": ["React", "new Date", "toLocaleTimeString"], "search-terms": ["Header React component", "TopBar", "Autosave status indicator", "Note app header", "Theme toggle button", "Note control buttons"], "state": 2, "file_id": 18, "knowledge_revision": 64, "git_revision": "788004100ff3fc58d93dacdb6c02887d44f1b622", "revision_history": [{"47": "d9e5a8f5629e2bde77d1c86563818712b2059e03"}, {"64": "788004100ff3fc58d93dacdb6c02887d44f1b622"}], "ctags": [{"_type": "tag", "name": "Header", "path": "/home/kavia/workspace/code-generation/note-organizer-304742-304769/notes_frontend/src/components/Header.js", "pattern": "/^export function Header({$/", "language": "JavaScript", "kind": "function", "signature": "({ theme, onToggleTheme, saveState, lastSavedAt, onNewNote, onToggleSidebar, onDuplicateNote, onExportMarkdown, onClearSearch, canDuplicate = true, canExport = true, canClearSearch = true, shortcutHelp, })"}, {"_type": "tag", "name": "onClearSearch", "path": "/home/kavia/workspace/code-generation/note-organizer-304742-304769/notes_frontend/src/components/Header.js", "pattern": "/^          onClick={onClearSearch}$/", "language": "JavaScript", "kind": "field", "scope": "Header.onClick", "scopeKind": "class"}, {"_type": "tag", "name": "onDuplicateNote", "path": "/home/kavia/workspace/code-generation/note-organizer-304742-304769/notes_frontend/src/components/Header.js", "pattern": "/^          onClick={onDuplicateNote}$/", "language": "JavaScript", "kind": "field", "scope": "Header.onClick", "scopeKind": "class"}, {"_type": "tag", "name": "onExportMarkdown", "path": "/home/kavia/workspace/code-generation/note-organizer-304742-304769/notes_frontend/src/components/Header.js", "pattern": "/^          onClick={onExportMarkdown}$/", "language": "JavaScript", "kind": "field", "scope": "Header.onClick", "scopeKind": "class"}], "hash": "72742b3052f5964bde94c06dc8a944bf", "format-version": 4, "code-base-name": "notes_frontend", "filename": "notes_frontend/src/components/Header.js", "fields": [{"name": "onClick={onClearSearch}", "scope": "Header.onClick", "scopeKind": "class", "description": "unavailable"}, {"name": "onClick={onDuplicateNote}", "scope": "Header.onClick", "scopeKind": "class", "description": "unavailable"}, {"name": "onClick={onExportMarkdown}", "scope": "Header.onClick", "scopeKind": "class", "description": "unavailable"}]}