{"is_source_file": false, "format": "", "description": "", "external_files": [], "external_methods": [], "published": [], "classes": [], "methods": [], "calls": [], "search-terms": [], "state": 2, "file_id": 7, "knowledge_revision": 56, "git_revision": "d9e5a8f5629e2bde77d1c86563818712b2059e03", "hash": "8ba64f4b2fcdcf852bf006198176061f", "format-version": 4, "code-base-name": "notes_frontend", "filename": "notes_frontend/README.md", "revision_history": [{"56": "d9e5a8f5629e2bde77d1c86563818712b2059e03"}]}