{"is_source_file": true, "format": "JavaScript (React JSX)", "description": "This file defines a React functional component named Sidebar, which renders a sidebar UI for a note-taking application, including search, tag filters, and a list of notes.", "external_files": ["../utils/notes"], "external_methods": ["formatDateTime", "getNotePreview"], "published": ["Sidebar"], "classes": [], "methods": [{"name": "Sidebar({ open, notes, allTags, activeTag, onActiveTagChange, selectedId, onSelect, query, onQueryChange, registerSearchFocus, })", "description": "React functional component that renders the sidebar with notes, search, and tag filters.", "scope": "", "scopeKind": ""}], "calls": ["useRef", "useEffect", "useMemo", "formatDateTime", "getNotePreview"], "search-terms": ["React component", "Sidebar", "note-organizer", "notes_frontend", "filter tags", "search notes", "NoteItem", "useRef", "useEffect", "useMemo"], "state": 2, "file_id": 19, "knowledge_revision": 48, "git_revision": "d9e5a8f5629e2bde77d1c86563818712b2059e03", "ctags": [{"_type": "tag", "name": "Sidebar", "path": "/home/kavia/workspace/code-generation/note-organizer-304742-304769/notes_frontend/src/components/Sidebar.js", "pattern": "/^export function Sidebar({$/", "language": "JavaScript", "kind": "function", "signature": "({ open, notes, allTags, activeTag, onActiveTagChange, selectedId, onSelect, query, onQueryChange, registerSearchFocus, })"}, {"_type": "tag", "name": "query", "path": "/home/kavia/workspace/code-generation/note-organizer-304742-304769/notes_frontend/src/components/Sidebar.js", "pattern": "/^            value={query}$/", "language": "JavaScript", "kind": "field", "scope": "Sidebar.value", "scopeKind": "class"}, {"_type": "tag", "name": "searchRef", "path": "/home/kavia/workspace/code-generation/note-organizer-304742-304769/notes_frontend/src/components/Sidebar.js", "pattern": "/^            ref={searchRef}$/", "language": "JavaScript", "kind": "field", "scope": "Sidebar.ref", "scopeKind": "class"}], "hash": "fbaf51329a5502122d7e199fc1905348", "format-version": 4, "code-base-name": "notes_frontend", "filename": "notes_frontend/src/components/Sidebar.js", "fields": [{"name": "value={query}", "scope": "Sidebar.value", "scopeKind": "class", "description": "unavailable"}, {"name": "ref={searchRef}", "scope": "Sidebar.ref", "scopeKind": "class", "description": "unavailable"}], "revision_history": [{"48": "d9e5a8f5629e2bde77d1c86563818712b2059e03"}]}