{"is_source_file": true, "format": "HTML", "description": "The file is an HTML template for a web application's front-end, setting up the document structure, metadata, links to external resources, and a root container for rendering a JavaScript-based app.", "external_files": ["%PUBLIC_URL%/favicon.ico", "%PUBLIC_URL%/logo192.png", "%PUBLIC_URL%/manifest.json"], "external_methods": [], "published": [], "classes": [], "methods": [], "calls": [], "search-terms": ["index.html", "public directory", "HTML template", "web app front-end", "meta tags", "favicon", "React", "JavaScript app container"], "state": 2, "file_id": 9, "knowledge_revision": 17, "git_revision": "25d890fbe0df333831dc0000e15b5312d5a78559", "hash": "d2b40d02d5f7873d8a6713bad837edd4", "format-version": 4, "code-base-name": "notes_frontend", "filename": "notes_frontend/public/index.html", "revision_history": [{"17": "25d890fbe0df333831dc0000e15b5312d5a78559"}]}