{"is_source_file": true, "format": "JavaScript (React JSX)", "description": "A React functional component named EmptyState that renders a simple empty state UI element with a title, description, and a primary action button.", "external_files": ["react"], "external_methods": ["React", "React.createElement", "React.Component", "React.useState"], "published": ["EmptyState"], "classes": [], "methods": [{"name": "EmptyState({ title, description, primaryActionLabel, onPrimaryAction })", "description": "A React functional component that displays an empty state UI with a title, description, and an action button.", "scope": "", "scopeKind": ""}], "calls": ["React", "React.createElement", "onPrimaryAction", "console.log", "alert"], "search-terms": ["EmptyState", "React component", "empty state UI", "props", "JSX", "button", "role=\"region\""], "state": 2, "file_id": 21, "knowledge_revision": 50, "git_revision": "d9e5a8f5629e2bde77d1c86563818712b2059e03", "ctags": [{"_type": "tag", "name": "EmptyState", "path": "/home/kavia/workspace/code-generation/note-organizer-304742-304769/notes_frontend/src/components/EmptyState.js", "pattern": "/^export function EmptyState({ title, description, primaryActionLabel, onPrimaryAction }) {$/", "language": "JavaScript", "kind": "function", "signature": "({ title, description, primaryActionLabel, onPrimaryAction })"}], "hash": "a9abd7f5017ff60d72abcfc8602b3843", "format-version": 4, "code-base-name": "notes_frontend", "filename": "notes_frontend/src/components/EmptyState.js", "revision_history": [{"50": "d9e5a8f5629e2bde77d1c86563818712b2059e03"}]}