{"is_source_file": true, "format": "JavaScript (React JSX)", "description": "The main application component for a notes organizer app built with React. It manages theme, notes data, selection, editing, autosave, API interactions, and UI components such as header, sidebar, editor, and toast notifications.", "external_files": ["./api/notesApi", "./hooks/useDebouncedValue", "./hooks/useHotkeys", "./hooks/useLocalStorageState", "./utils/notes", "./components/Header", "./components/Sidebar", "./components/EditorPane", "./components/EmptyState", "./components/Toast", "./App.css"], "external_methods": ["NotesApi.upsertNote", "NotesApi.deleteNote", "filterNotes", "sortNotesByUpdatedAtDesc", "updateNoteTimestamps", "createEmptyNote", "formatDateTime", "getNotePreview"], "published": ["App"], "classes": [], "methods": [{"name": "showToast", "description": "Displays a toast message with a specified tone for user feedback."}, {"name": "applyDraftToSelectedNote", "description": "Creates an updated note object from current draft fields and selected note."}, {"name": "persistNoteUpdate", "description": "Handles local state update and attempts to persist the note via API, managing save states and error handling."}, {"name": "createNote", "description": "Creates a new empty note, updates state, sets selection, and triggers API call."}, {"name": "deleteSelected", "description": "Deletes the currently selected note, updates state, and manages focus."}, {"name": "manualSave", "description": "Triggers an immediate save of the current draft to the selected note."}, {"name": "App()", "scope": "", "scopeKind": "", "description": "unavailable"}], "calls": ["setNotes", "setSelectedId", "useMemo", "useCallback", "useEffect", "NotesApi.upsertNote", "NotesApi.deleteNote", "filterNotes", "sortNotesByUpdatedAtDesc", "updateNoteTimestamps", "createEmptyNote", "formatDateTime", "getNotePreview", "showToast"], "search-terms": ["React note organizer", "useLocalStorageState", "autosave notes", "note editing", "note deletion", "UI state management", "API synchronization", "keyboard shortcuts", "theme toggle", "note filtering"], "state": 2, "file_id": 5, "knowledge_revision": 53, "git_revision": "7a6ab34ad9e8826dbd7b39bf26435e2370b8c107", "revision_history": [{"25": "25d890fbe0df333831dc0000e15b5312d5a78559"}, {"26": "d9e5a8f5629e2bde77d1c86563818712b2059e03"}, {"53": "7a6ab34ad9e8826dbd7b39bf26435e2370b8c107"}], "ctags": [{"_type": "tag", "name": "App", "path": "/home/kavia/workspace/code-generation/note-organizer-304742-304769/notes_frontend/src/App.js", "pattern": "/^function App() {$/", "language": "JavaScript", "kind": "function", "signature": "()"}, {"_type": "tag", "name": "activeTag", "path": "/home/kavia/workspace/code-generation/note-organizer-304742-304769/notes_frontend/src/App.js", "pattern": "/^          activeTag={activeTag}$/", "language": "JavaScript", "kind": "field", "scope": "App.activeTag", "scopeKind": "class"}, {"_type": "tag", "name": "allTags", "path": "/home/kavia/workspace/code-generation/note-organizer-304742-304769/notes_frontend/src/App.js", "pattern": "/^          allTags={allTags}$/", "language": "JavaScript", "kind": "field", "scope": "App.allTags", "scopeKind": "class"}, {"_type": "tag", "name": "createNote", "path": "/home/kavia/workspace/code-generation/note-organizer-304742-304769/notes_frontend/src/App.js", "pattern": "/^        onNewNote={createNote}$/", "language": "JavaScript", "kind": "field", "scope": "App.onNewNote", "scopeKind": "class"}, {"_type": "tag", "name": "lastSavedAtRef", "path": "/home/kavia/workspace/code-generation/note-organizer-304742-304769/notes_frontend/src/App.js", "pattern": "/^        lastSavedAt={lastSavedAtRef.current}$/", "language": "JavaScript", "kind": "field", "scope": "App.lastSavedAt", "scopeKind": "class"}, {"_type": "tag", "name": "query", "path": "/home/kavia/workspace/code-generation/note-organizer-304742-304769/notes_frontend/src/App.js", "pattern": "/^          query={query}$/", "language": "JavaScript", "kind": "field", "scope": "App.query", "scopeKind": "class"}, {"_type": "tag", "name": "saveState", "path": "/home/kavia/workspace/code-generation/note-organizer-304742-304769/notes_frontend/src/App.js", "pattern": "/^        saveState={saveState}$/", "language": "JavaScript", "kind": "field", "scope": "App.saveState", "scopeKind": "class"}, {"_type": "tag", "name": "selectedId", "path": "/home/kavia/workspace/code-generation/note-organizer-304742-304769/notes_frontend/src/App.js", "pattern": "/^          selectedId={selectedId}$/", "language": "JavaScript", "kind": "field", "scope": "App.selectedId", "scopeKind": "class"}, {"_type": "tag", "name": "setActiveTag", "path": "/home/kavia/workspace/code-generation/note-organizer-304742-304769/notes_frontend/src/App.js", "pattern": "/^          onActiveTagChange={setActiveTag}$/", "language": "JavaScript", "kind": "field", "scope": "App.onActiveTagChange", "scopeKind": "class"}, {"_type": "tag", "name": "setQuery", "path": "/home/kavia/workspace/code-generation/note-organizer-304742-304769/notes_frontend/src/App.js", "pattern": "/^          onQueryChange={setQuery}$/", "language": "JavaScript", "kind": "field", "scope": "App.onQueryChange", "scopeKind": "class"}, {"_type": "tag", "name": "shortcutHelp", "path": "/home/kavia/workspace/code-generation/note-organizer-304742-304769/notes_frontend/src/App.js", "pattern": "/^        shortcutHelp={shortcutHelp}$/", "language": "JavaScript", "kind": "field", "scope": "App.shortcutHelp", "scopeKind": "class"}, {"_type": "tag", "name": "sidebarOpen", "path": "/home/kavia/workspace/code-generation/note-organizer-304742-304769/notes_frontend/src/App.js", "pattern": "/^          open={sidebarOpen}$/", "language": "JavaScript", "kind": "field", "scope": "App.open", "scopeKind": "class"}, {"_type": "tag", "name": "theme", "path": "/home/kavia/workspace/code-generation/note-organizer-304742-304769/notes_frontend/src/App.js", "pattern": "/^        theme={theme}$/", "language": "JavaScript", "kind": "field", "scope": "App.theme", "scopeKind": "class"}, {"_type": "tag", "name": "visibleNotes", "path": "/home/kavia/workspace/code-generation/note-organizer-304742-304769/notes_frontend/src/App.js", "pattern": "/^          notes={visibleNotes}$/", "language": "JavaScript", "kind": "field", "scope": "App.notes", "scopeKind": "class"}], "hash": "cc0da0a9c3e2141545126f007362df49", "format-version": 4, "code-base-name": "notes_frontend", "filename": "notes_frontend/src/App.js", "fields": [{"name": "activeTag={activeTag}", "scope": "App.activeTag", "scopeKind": "class", "description": "unavailable"}, {"name": "allTags={allTags}", "scope": "App.allTags", "scopeKind": "class", "description": "unavailable"}, {"name": "onNewNote={createNote}", "scope": "App.onNewNote", "scopeKind": "class", "description": "unavailable"}, {"name": "lastSavedAt={lastSavedAtRef.current}", "scope": "App.lastSavedAt", "scopeKind": "class", "description": "unavailable"}, {"name": "query={query}", "scope": "App.query", "scopeKind": "class", "description": "unavailable"}, {"name": "saveState={saveState}", "scope": "App.saveState", "scopeKind": "class", "description": "unavailable"}, {"name": "selectedId={selectedId}", "scope": "App.selectedId", "scopeKind": "class", "description": "unavailable"}, {"name": "onActiveTagChange={setActiveTag}", "scope": "App.onActiveTagChange", "scopeKind": "class", "description": "unavailable"}, {"name": "onQueryChange={setQuery}", "scope": "App.onQueryChange", "scopeKind": "class", "description": "unavailable"}, {"name": "shortcutHelp={shortcutHelp}", "scope": "App.shortcutHelp", "scopeKind": "class", "description": "unavailable"}, {"name": "open={sidebarOpen}", "scope": "App.open", "scopeKind": "class", "description": "unavailable"}, {"name": "theme={theme}", "scope": "App.theme", "scopeKind": "class", "description": "unavailable"}, {"name": "notes={visibleNotes}", "scope": "App.notes", "scopeKind": "class", "description": "unavailable"}]}