{"is_source_file": true, "format": "JavaScript (React)", "description": "This file defines a React component 'Header' which renders the top application header, including save status, title, and action buttons.", "external_files": ["react"], "external_methods": [], "published": ["Header"], "classes": [], "methods": [{"name": "Header({ theme, onToggleTheme, saveState, lastSavedAt, onNewNote, onToggleSidebar, shortcutHelp, })", "description": "A React functional component that renders the application header with status indicators and action buttons.", "scope": "", "scopeKind": ""}], "calls": ["React", "new Date(lastSavedAt).toLocaleTimeString()"], "search-terms": ["Header", "React component", "save state indicator", "sidebar toggle", "new note button", "theme toggle"], "state": 2, "file_id": 18, "knowledge_revision": 47, "git_revision": "d9e5a8f5629e2bde77d1c86563818712b2059e03", "ctags": [{"_type": "tag", "name": "Header", "path": "/home/kavia/workspace/code-generation/note-organizer-304742-304769/notes_frontend/src/components/Header.js", "pattern": "/^export function Header({$/", "language": "JavaScript", "kind": "function", "signature": "({ theme, onToggleTheme, saveState, lastSavedAt, onNewNote, onToggleSidebar, shortcutHelp, })"}], "hash": "5fd60ee1705ed75a3098ce6c2d54f439", "format-version": 4, "code-base-name": "notes_frontend", "filename": "notes_frontend/src/components/Header.js", "revision_history": [{"47": "d9e5a8f5629e2bde77d1c86563818712b2059e03"}]}