{"is_source_file": true, "format": "JavaScript", "description": "A React functional component named EditorPane that provides a user interface for editing notes, including title, body, tags, and metadata, with save and delete actions.", "external_files": ["react"], "external_methods": ["React"], "published": ["EditorPane"], "classes": [], "methods": [{"name": "EditorPane({ noteMeta, title, body, tagsText, onTitleChange, onBodyChange, onTagsTextChange, onDelete, onSave, saveState, formatDateTime, })", "description": "React functional component rendering a note editing interface with controls and metadata display.", "scope": "", "scopeKind": ""}], "calls": ["formatDateTime"], "search-terms": ["React", "EditorPane", "note editing", "note metadata", "save", "delete", "autosave"], "state": 2, "file_id": 20, "knowledge_revision": 49, "git_revision": "d9e5a8f5629e2bde77d1c86563818712b2059e03", "ctags": [{"_type": "tag", "name": "EditorPane", "path": "/home/kavia/workspace/code-generation/note-organizer-304742-304769/notes_frontend/src/components/EditorPane.js", "pattern": "/^export function EditorPane({$/", "language": "JavaScript", "kind": "function", "signature": "({ noteMeta, title, body, tagsText, onTitleChange, onBodyChange, onTagsTextChange, onDelete, onSave, saveState, formatDateTime, })"}, {"_type": "tag", "name": "body", "path": "/home/kavia/workspace/code-generation/note-organizer-304742-304769/notes_frontend/src/components/EditorPane.js", "pattern": "/^          value={body}$/", "language": "JavaScript", "kind": "field", "scope": "EditorPane.value", "scopeKind": "class"}, {"_type": "tag", "name": "tagsText", "path": "/home/kavia/workspace/code-generation/note-organizer-304742-304769/notes_frontend/src/components/EditorPane.js", "pattern": "/^          value={tagsText}$/", "language": "JavaScript", "kind": "field", "scope": "EditorPane.value", "scopeKind": "class"}, {"_type": "tag", "name": "title", "path": "/home/kavia/workspace/code-generation/note-organizer-304742-304769/notes_frontend/src/components/EditorPane.js", "pattern": "/^          value={title}$/", "language": "JavaScript", "kind": "field", "scope": "EditorPane.value", "scopeKind": "class"}], "hash": "7b7a85861d9e48485338374581ec7b28", "format-version": 4, "code-base-name": "notes_frontend", "filename": "notes_frontend/src/components/EditorPane.js", "fields": [{"name": "value={body}", "scope": "EditorPane.value", "scopeKind": "class", "description": "unavailable"}, {"name": "value={tagsText}", "scope": "EditorPane.value", "scopeKind": "class", "description": "unavailable"}, {"name": "value={title}", "scope": "EditorPane.value", "scopeKind": "class", "description": "unavailable"}], "revision_history": [{"49": "d9e5a8f5629e2bde77d1c86563818712b2059e03"}]}