{"is_source_file": true, "format": "JavaScript", "description": "This file defines a React component called Sidebar, which renders a sidebar UI for a note-taking application. It includes features like search input, tag filters, and a list of notes with previews, supporting highlighting and selection functionalities.", "external_files": ["../utils/notes"], "external_methods": ["formatDateTime", "getNotePreview", "toHighlightedSegments"], "published": ["Sidebar"], "classes": [], "methods": [{"name": "HighlightedText({ text, query })", "description": "A React component that displays text with highlighted segments based on a search query.", "scope": "", "scopeKind": ""}, {"name": "Sidebar({ open, notes, allTags, activeTag, onActiveTagChange, selectedId, onSelect, query, onQueryChange, registerSearchFocus, highlightQuery = \"\", })", "description": "Main React component rendering the sidebar UI with note list, search, and tags.", "scope": "", "scopeKind": ""}], "calls": ["React.useEffect", "React.useMemo", "React.useRef", "toHighlightedSegments", "formatDateTime", "getNotePreview"], "search-terms": ["React component", "Sidebar", "notes list", "tag filters", "highlighted text", "note preview", "search input", "tag chips"], "state": 2, "file_id": 19, "knowledge_revision": 65, "git_revision": "788004100ff3fc58d93dacdb6c02887d44f1b622", "revision_history": [{"48": "d9e5a8f5629e2bde77d1c86563818712b2059e03"}, {"55": "7a6ab34ad9e8826dbd7b39bf26435e2370b8c107"}, {"65": "788004100ff3fc58d93dacdb6c02887d44f1b622"}], "ctags": [{"_type": "tag", "name": "HighlightedText", "path": "/home/kavia/workspace/code-generation/note-organizer-304742-304769/notes_frontend/src/components/Sidebar.js", "pattern": "/^function HighlightedText({ text, query }) {$/", "language": "JavaScript", "kind": "function", "signature": "({ text, query })"}, {"_type": "tag", "name": "Sidebar", "path": "/home/kavia/workspace/code-generation/note-organizer-304742-304769/notes_frontend/src/components/Sidebar.js", "pattern": "/^export function Sidebar({$/", "language": "JavaScript", "kind": "function", "signature": "({ open, notes, allTags, activeTag, onActiveTagChange, selectedId, onSelect, query, onQueryChange, registerSearchFocus, highlightQuery = \"\", })"}, {"_type": "tag", "name": "query", "path": "/home/kavia/workspace/code-generation/note-organizer-304742-304769/notes_frontend/src/components/Sidebar.js", "pattern": "/^            value={query}$/", "language": "JavaScript", "kind": "field", "scope": "Sidebar.value", "scopeKind": "class"}, {"_type": "tag", "name": "searchRef", "path": "/home/kavia/workspace/code-generation/note-organizer-304742-304769/notes_frontend/src/components/Sidebar.js", "pattern": "/^            ref={searchRef}$/", "language": "JavaScript", "kind": "field", "scope": "Sidebar.ref", "scopeKind": "class"}], "hash": "b159dbcf319a0a5d066ed50c5fbff150", "format-version": 4, "code-base-name": "notes_frontend", "filename": "notes_frontend/src/components/Sidebar.js", "fields": [{"name": "value={query}", "scope": "Sidebar.value", "scopeKind": "class", "description": "unavailable"}, {"name": "ref={searchRef}", "scope": "Sidebar.ref", "scopeKind": "class", "description": "unavailable"}]}