{"is_source_file": false, "format": "", "description": "", "external_files": [], "external_methods": [], "published": [], "classes": [], "methods": [], "calls": [], "search-terms": [], "state": 2, "file_id": 11, "knowledge_revision": 60, "git_revision": "7863e55bbe5a8766d6d04092c80e3d45cc05d08f", "hash": "e292248159466762313efc93acef7a57", "format-version": 4, "code-base-name": "notes_frontend", "filename": "notes_frontend/package.json", "revision_history": [{"60": "7863e55bbe5a8766d6d04092c80e3d45cc05d08f"}]}